{
  "axiom": "$X",
  "productions": {
    "X": "F[+X]X[-X]FX",
    "F": "FF"
  },
  "finals": {
    "+": "() => { ctx.rotate((Math.PI / 180) * 45) }",
    "-": "() => { ctx.rotate((Math.PI / 180) * -45) }",
    "$": "() => { ctx.rotate((Math.PI / 180) * 180) }",
    "X": "() => { ctx.beginPath()   ctx.moveTo(0, 0)   ctx.lineTo(0, 40 / (Lsys.iterations + 1))   ctx.stroke()   ctx.translate(0, 40 / (Lsys.iterations + 1)) }",
    "F": "() => { ctx.beginPath()   ctx.moveTo(0, 0)   ctx.lineTo(0, 40 / (Lsys.iterations + 1))   ctx.stroke()   ctx.translate(0, 40 / (Lsys.iterations + 1)) }",
    "[": "() => { ctx.save() }",
    "]": "() => { ctx.restore() }"
  }
}
